{
  "losses": [
    1.0152165252108907,
    1.00915462471718,
    1.0052175549573676,
    1.002651342125826,
    1.0009978482889574,
    1.0003185715786247,
    1.000139083973197,
    1.0000453924023829,
    0.999956394350806,
    0.9997849173324053,
    0.9993725003198136,
    0.9985978520193766,
    0.9970677203910295,
    0.9944883155268293,
    0.9906525071277175,
    0.9856863548589307,
    0.9793661306070727,
    0.9721611558004867,
    0.9640109497447347,
    0.9547072413355805,
    0.9443324859752211,
    0.9328936490901681,
    0.9216181164564088,
    0.9086739614952443,
    0.8963240204855453,
    0.883068210856859,
    0.869292487931806,
    0.8542581311492032,
    0.839249286540719,
    0.8242679668027301,
    0.810002232706824,
    0.7952344348264295,
    0.7789061083350071,
    0.7641556082769881,
    0.7497591764427894,
    0.7341125455013541,
    0.7205653925274693,
    0.7049357100974681,
    0.6906112446341404,
    0.6764140447904897,
    0.6614699724108674,
    0.646616492160531,
    0.6296107325443002,
    0.6140567563300909,
    0.5986469041469485,
    0.5904728548471317,
    0.5797542402910631,
    0.5721353694450023,
    0.5651796695797943,
    0.5615641627200815
  ],
  "metrics": {
    "both": {
      "optimistic": {
        "adjusted_arithmetic_mean_rank": 0.8940787719376692,
        "adjusted_arithmetic_mean_rank_index": 0.10595551837171735,
        "adjusted_geometric_mean_rank_index": 0.13715677117241243,
        "adjusted_hits_at_k": 0.00030806510701129647,
        "adjusted_inverse_harmonic_mean_rank": 0.00022366743511988423,
        "arithmetic_mean_rank": 2762.6633133561645,
        "count": 4672.0,
        "geometric_mean_rank": 1963.111983655844,
        "harmonic_mean_rank": 578.1147373494789,
        "hits_at_1": 0.00021404109589041095,
        "hits_at_10": 0.0019263698630136985,
        "hits_at_3": 0.0006421232876712328,
        "hits_at_5": 0.0008561643835616438,
        "inverse_arithmetic_mean_rank": 0.00036196955132588004,
        "inverse_geometric_mean_rank": 0.0005093952909083313,
        "inverse_harmonic_mean_rank": 0.0017297604357653406,
        "inverse_median_rank": 0.0003831417624521073,
        "median_absolute_deviation": 2068.2300948153147,
        "median_rank": 2610.0,
        "standard_deviation": 1740.137530077895,
        "variance": 3028078.623585597,
        "z_arithmetic_mean_rank": 12.540501343404443,
        "z_geometric_mean_rank": 9.407045348655664,
        "z_hits_at_k": 0.5229319216362196,
        "z_inverse_harmonic_mean_rank": 0.9395255476539006
      },
      "pessimistic": {
        "adjusted_arithmetic_mean_rank": 0.8940787719376692,
        "adjusted_arithmetic_mean_rank_index": 0.10595551837171735,
        "adjusted_geometric_mean_rank_index": 0.13715677117241243,
        "adjusted_hits_at_k": 0.00030806510701129647,
        "adjusted_inverse_harmonic_mean_rank": 0.00022366743511988423,
        "arithmetic_mean_rank": 2762.6633133561645,
        "count": 4672.0,
        "geometric_mean_rank": 1963.111983655844,
        "harmonic_mean_rank": 578.1147373494789,
        "hits_at_1": 0.00021404109589041095,
        "hits_at_10": 0.0019263698630136985,
        "hits_at_3": 0.0006421232876712328,
        "hits_at_5": 0.0008561643835616438,
        "inverse_arithmetic_mean_rank": 0.00036196955132588004,
        "inverse_geometric_mean_rank": 0.0005093952909083313,
        "inverse_harmonic_mean_rank": 0.0017297604357653406,
        "inverse_median_rank": 0.0003831417624521073,
        "median_absolute_deviation": 2068.2300948153147,
        "median_rank": 2610.0,
        "standard_deviation": 1740.137530077895,
        "variance": 3028078.623585597,
        "z_arithmetic_mean_rank": 12.540501343404443,
        "z_geometric_mean_rank": 9.407045348655664,
        "z_hits_at_k": 0.5229319216362196,
        "z_inverse_harmonic_mean_rank": 0.9395255476539006
      },
      "realistic": {
        "adjusted_arithmetic_mean_rank": 0.8940787773493855,
        "adjusted_arithmetic_mean_rank_index": 0.10595551295824912,
        "adjusted_geometric_mean_rank_index": 0.13715662999800804,
        "adjusted_hits_at_k": 0.00030806510701129647,
        "adjusted_inverse_harmonic_mean_rank": 0.00022366743476385132,
        "arithmetic_mean_rank": 2762.663330078125,
        "count": 4672.0,
        "geometric_mean_rank": 1963.1123046875,
        "harmonic_mean_rank": 578.1147374682918,
        "hits_at_1": 0.00021404109589041095,
        "hits_at_10": 0.0019263698630136985,
        "hits_at_3": 0.0006421232876712328,
        "hits_at_5": 0.0008561643835616438,
        "inverse_arithmetic_mean_rank": 0.00036196954897604883,
        "inverse_geometric_mean_rank": 0.0005093952058814466,
        "inverse_harmonic_mean_rank": 0.001729760435409844,
        "inverse_median_rank": 0.0003831417707260698,
        "median_absolute_deviation": 2068.2300948153147,
        "median_rank": 2610.0,
        "standard_deviation": 1740.1375732421875,
        "variance": 3028078.75,
        "z_arithmetic_mean_rank": 12.540500702686472,
        "z_geometric_mean_rank": 9.4070356660566,
        "z_hits_at_k": 0.5229319216362196,
        "z_inverse_harmonic_mean_rank": 0.9395255461583671
      }
    },
    "head": {
      "optimistic": {
        "adjusted_arithmetic_mean_rank": 0.8945872369119526,
        "adjusted_arithmetic_mean_rank_index": 0.10544674389310904,
        "adjusted_geometric_mean_rank_index": 0.1379203586290907,
        "adjusted_hits_at_k": 0.00010095221764991206,
        "adjusted_inverse_harmonic_mean_rank": 2.4495545369848486e-05,
        "arithmetic_mean_rank": 2776.017551369863,
        "count": 2336.0,
        "geometric_mean_rank": 1970.1749946559876,
        "harmonic_mean_rank": 655.7919929052385,
        "hits_at_1": 0.0,
        "hits_at_10": 0.0017123287671232876,
        "hits_at_3": 0.0004280821917808219,
        "hits_at_5": 0.0008561643835616438,
        "inverse_arithmetic_mean_rank": 0.00036022826999293885,
        "inverse_geometric_mean_rank": 0.0005075691259469111,
        "inverse_harmonic_mean_rank": 0.0015248737569513132,
        "inverse_median_rank": 0.0003774297037176826,
        "median_absolute_deviation": 2083.0561170003707,
        "median_rank": 2649.5,
        "standard_deviation": 1747.203582788529,
        "variance": 3052720.3597090724,
        "z_arithmetic_mean_rank": 8.825920858777295,
        "z_geometric_mean_rank": 6.689779156120011,
        "z_hits_at_k": 0.12144555321322192,
        "z_inverse_harmonic_mean_rank": 0.07292059054705913
      },
      "pessimistic": {
        "adjusted_arithmetic_mean_rank": 0.8945872369119526,
        "adjusted_arithmetic_mean_rank_index": 0.10544674389310904,
        "adjusted_geometric_mean_rank_index": 0.1379203586290907,
        "adjusted_hits_at_k": 0.00010095221764991206,
        "adjusted_inverse_harmonic_mean_rank": 2.4495545369848486e-05,
        "arithmetic_mean_rank": 2776.017551369863,
        "count": 2336.0,
        "geometric_mean_rank": 1970.1749946559876,
        "harmonic_mean_rank": 655.7919929052385,
        "hits_at_1": 0.0,
        "hits_at_10": 0.0017123287671232876,
        "hits_at_3": 0.0004280821917808219,
        "hits_at_5": 0.0008561643835616438,
        "inverse_arithmetic_mean_rank": 0.00036022826999293885,
        "inverse_geometric_mean_rank": 0.0005075691259469111,
        "inverse_harmonic_mean_rank": 0.0015248737569513132,
        "inverse_median_rank": 0.0003774297037176826,
        "median_absolute_deviation": 2083.0561170003707,
        "median_rank": 2649.5,
        "standard_deviation": 1747.203582788529,
        "variance": 3052720.3597090724,
        "z_arithmetic_mean_rank": 8.825920858777295,
        "z_geometric_mean_rank": 6.689779156120011,
        "z_hits_at_k": 0.12144555321322192,