{
  "losses": [
    0.9642993807792664,
    0.6580841125443925,
    0.46247166117956473,
    0.35121957784475283,
    0.2618180856455204,
    0.2112826119328654,
    0.16920713889737463,
    0.14056157424699428,
    0.11666251043247622,
    0.10257538962502812,
    0.09379784537609233,
    0.08583672206069148,
    0.08244029172631197,
    0.06974869455362476,
    0.06877719532958297,
    0.06446938493917155,
    0.05937173286842745,
    0.058327538069597513,
    0.054995795235384344,
    0.055379370184138764,
    0.05355058055977489,
    0.050295858795559686,
    0.04561196588153063,
    0.046112717410852745,
    0.045997472349987474,
    0.04489592410797297,
    0.047196957607601966,
    0.042980998321328054,
    0.04553886451000391,
    0.03951275396312392,
    0.04468112768128861,
    0.04645610713334971,
    0.039673693824646084,
    0.03974970282856808,
    0.04213968764037587,
    0.04166672170855278,
    0.04071480685541796,
    0.03881008749784425,
    0.04016279550485833,
    0.03913086184928583,
    0.03705685564078564,
    0.04116133305915566,
    0.03925398117754349,
    0.04074477257077084,
    0.03578926449598268,
    0.042586682407661926,
    0.042768248421854754,
    0.0389809884824032,
    0.035507202321706816,
    0.03745770055887311
  ],
  "metrics": {
    "both": {
      "optimistic": {
        "adjusted_arithmetic_mean_rank": 0.9547970855769154,
        "adjusted_arithmetic_mean_rank_index": 0.04521754814617385,
        "adjusted_geometric_mean_rank_index": 0.02366189774139571,
        "adjusted_hits_at_k": -0.0009782637819781808,
        "adjusted_inverse_harmonic_mean_rank": -0.0004553479498393461,
        "arithmetic_mean_rank": 2950.2801797945203,
        "count": 4672.0,
        "geometric_mean_rank": 2221.2001783619517,
        "harmonic_mean_rank": 950.7800742471231,
        "hits_at_1": 0.0,
        "hits_at_10": 0.0006421232876712328,
        "hits_at_3": 0.0,
        "hits_at_5": 0.0,
        "inverse_arithmetic_mean_rank": 0.00033895085858240333,
        "inverse_geometric_mean_rank": 0.0004502070591122773,
        "inverse_harmonic_mean_rank": 0.0010517679399117106,
        "inverse_median_rank": 0.00034983382893125764,
        "median_absolute_deviation": 2120.1211724630107,
        "median_rank": 2858.5,
        "standard_deviation": 1708.9162190955942,
        "variance": 2920394.6438879813,
        "z_arithmetic_mean_rank": 5.351780935875354,
        "z_geometric_mean_rank": 1.6228768232576556,
        "z_hits_at_k": -1.6605754684129388,
        "z_inverse_harmonic_mean_rank": -1.912710411851366
      },
      "pessimistic": {
        "adjusted_arithmetic_mean_rank": 0.95479854024625,
        "adjusted_arithmetic_mean_rank_index": 0.04521609300591334,
        "adjusted_geometric_mean_rank_index": 0.02366011224590059,
        "adjusted_hits_at_k": -0.0009782637819781808,
        "adjusted_inverse_harmonic_mean_rank": -0.00045534910101491916,
        "arithmetic_mean_rank": 2950.284674657534,
        "count": 4672.0,
        "geometric_mean_rank": 2221.2042385921195,
        "harmonic_mean_rank": 950.7811133234629,
        "hits_at_1": 0.0,
        "hits_at_10": 0.0006421232876712328,
        "hits_at_3": 0.0,
        "hits_at_5": 0.0,
        "inverse_arithmetic_mean_rank": 0.00033895034217878615,
        "inverse_geometric_mean_rank": 0.00045020623616036164,
        "inverse_harmonic_mean_rank": 0.001051766790470303,
        "inverse_median_rank": 0.00034983382893125764,
        "median_absolute_deviation": 2120.1211724630107,
        "median_rank": 2858.5,
        "standard_deviation": 1708.9168719677255,
        "variance": 2920396.8752959557,
        "z_arithmetic_mean_rank": 5.35160871088253,
        "z_geometric_mean_rank": 1.6227543631198955,
        "z_hits_at_k": -1.6605754684129388,
        "z_inverse_harmonic_mean_rank": -1.9127152474183324
      },
      "realistic": {
        "adjusted_arithmetic_mean_rank": 0.9547978269820451,
        "adjusted_arithmetic_mean_rank_index": 0.04521680650102611,
        "adjusted_geometric_mean_rank_index": 0.023661890287353438,
        "adjusted_hits_at_k": -0.0009782637819781808,
        "adjusted_inverse_harmonic_mean_rank": -0.0004553485106190229,
        "arithmetic_mean_rank": 2950.282470703125,
        "count": 4672.0,
        "geometric_mean_rank": 2221.2001953125,
        "harmonic_mean_rank": 950.7805804188846,
        "hits_at_1": 0.0,
        "hits_at_10": 0.0006421232876712328,
        "hits_at_3": 0.0,
        "hits_at_5": 0.0,
        "inverse_arithmetic_mean_rank": 0.0003389506018720567,
        "inverse_geometric_mean_rank": 0.0004502070660237223,
        "inverse_harmonic_mean_rank": 0.001051767379976809,
        "inverse_median_rank": 0.0003498338337522,
        "median_absolute_deviation": 2120.1211724630107,
        "median_rank": 2858.5,
        "standard_deviation": 1708.91650390625,
        "variance": 2920395.75,
        "z_arithmetic_mean_rank": 5.351693157512187,
        "z_geometric_mean_rank": 1.6228763120141139,
        "z_hits_at_k": -1.6605754684129388,
        "z_inverse_harmonic_mean_rank": -1.9127127674326898
      }
    },
    "head": {
      "optimistic": {
        "adjusted_arithmetic_mean_rank": 0.8227395479371779,
        "adjusted_arithmetic_mean_rank_index": 0.17731759365260913,
        "adjusted_geometric_mean_rank_index": 0.2039223569804729,
        "adjusted_hits_at_k": -0.0007565941355081925,
        "adjusted_inverse_harmonic_mean_rank": -9.757915589428162e-05,
        "arithmetic_mean_rank": 2553.0650684931506,
        "count": 2336.0,
        "geometric_mean_rank": 1819.4122593892257,
        "harmonic_mean_rank": 712.7674085159898,
        "hits_at_1": 0.0,
        "hits_at_10": 0.0008561643835616438,
        "hits_at_3": 0.0,
        "hits_at_5": 0.0,
        "inverse_arithmetic_mean_rank": 0.00039168606093937586,
        "inverse_geometric_mean_rank": 0.0005496280432537586,
        "inverse_harmonic_mean_rank": 0.0014029822183958156,
        "inverse_median_rank": 0.0004174493842621582,
        "median_absolute_deviation": 1930.3480884942937,
        "median_rank": 2395.5,
        "standard_deviation": 1631.7371167030444,
        "variance": 2662566.018026365,
        "z_arithmetic_mean_rank": 14.84153033718313,
        "z_geometric_mean_rank": 9.89118319263919,
        "z_hits_at_k": -0.9101830101773087,
        "z_inverse_harmonic_mean_rank": -0.2904825985892563
      },
      "pessimistic": {
        "adjusted_arithmetic_mean_rank": 0.8227410654079569,
        "adjusted_arithmetic_mean_rank_index": 0.17731607569265895,
        "adjusted_geometric_mean_rank_index": 0.20392085121793413,
        "adjusted_hits_at_k": -0.0007565941355081925,
        "adjusted_inverse_harmonic_mean_rank": -9.758056057390815e-05,
        "arithmetic_mean_rank": 2553.06977739726,
        "count": 2336.0,
        "geometric_mean_rank": 1819.4156988741606,
        "harmonic_mean_rank": 712.7681210757167,
        "hits_at_1": 0.0,
        "hits_at_10": 0.0008561643835616438,
        "hits_at_3": 0.0,
        "hits_at_5": 0.0,
        "inverse_arithmetic_mean_rank": 0.0003916853385101973,
        "inverse_geometric_mean_rank": 0.0005496270042183277,
        "inverse_harmonic_mean_rank": 0.0014029808158237914,
        "inverse_median_rank": 0.0004174493842621582,
        "median_absolute_deviation": 1930.3480884942937,
        "median_rank": 2395.5,
        "standard_deviation": 1631.739707844081,
        "variance": 2662574.474155087,
        "z_arithmetic_mean_rank": 14.841403283526546,
        "z_geometric_mean_rank": 9.891110156149544,
        "z_hits_at_k": -0.9101830101773087,
        "z_inverse_harmonic_mean_rank": -0.2904867801686555
      },
      "realistic": {
        "adjusted_arithmetic_mean_rank": 0.8227402937395778,