Accuracy,Precision,Recall,F1,AUC,AP
0.8300727934485896,0.8248992386923422,0.83803457688808,0.8314150304671631,0.8976994140591041,0.8949716535484448
