Accuracy,Precision,Recall,F1,AUC,AP
0.500542888165038,0.5004625346901017,0.5874049945711184,0.5404595404595405,0.5011134807206914,0.4961146832061665
